{
  "epoch": [
    1,
    2,
    3,
    4,
    5,
    6,
    7,
    8,
    9,
    10,
    11,
    12,
    13,
    14,
    15,
    16,
    17,
    18,
    19,
    20,
    21,
    22,
    23,
    24,
    25,
    26,
    27,
    28,
    29,
    30,
    31,
    32,
    33,
    34,
    35,
    36,
    37,
    38,
    39,
    40,
    41,
    42,
    43,
    44,
    45,
    46,
    47,
    48,
    49,
    50,
    51,
    52,
    53,
    54,
    55,
    56,
    57,
    58,
    59,
    60,
    61,
    62,
    63,
    64,
    65,
    66,
    67,
    68,
    69,
    70,
    71,
    72,
    73,
    74,
    75,
    76,
    77,
    78,
    79,
    80,
    81,
    82,
    83,
    84,
    85,
    86,
    87,
    88,
    89,
    90,
    91,
    92,
    93,
    94,
    95,
    96,
    97,
    98,
    99,
    100
  ],
  "loss_total": [
    4.165488287730095,
    2.066580684826924,
    -0.2772958740209922,
    0.40786613118954196,
    -0.6216618353739763,
    -0.8180413024547772,
    -0.9199254271311638,
    -0.9258595417707395,
    -0.9279059443718348,
    -0.9266241712447925,
    -0.9295113722483317,
    -0.9308809634966728,
    1.5787251603144865,
    4.9277157269991365,
    4.639920196777735,
    3.674662962479469,
    4.598067442576091,
    4.20874260144356,
    3.7234639222805317,
    2.097404799782313,
    0.6297574465091412,
    -0.5316624342631071,
    -0.35802455445130665,
    -0.5383469479206281,
    -0.8013446827729543,
    -0.8534748380764937,
    -0.8441027278319383,
    -0.9135648485941764,
    -0.9261876521966397,
    -0.9288148595736577,
    -0.9315133519661732,
    -0.9319590360690386,
    -0.9338281992154244,
    -0.9346232502888411,
    -0.8542169132293799,
    -0.07198220667166588,
    -0.9039462953041761,
    -0.6354656105622267,
    -0.9048724330388582,
    -0.9331430043929663,
    -0.9357888726087716,
    -0.9354907026657692,
    -0.9227205964235159,
    -0.9362443317205478,
    -0.9396359040186956,
    -0.9416092640314346,
    -0.8486110319693884,
    -0.7305412400227327,
    -0.9248504702861492,
    -0.9360478462317051,
    -0.9440876762072246,
    -0.9448979035401955,
    -0.9435891808607639,
    -0.9394178971266135,
    -0.9472765674957863,
    -0.8207848879007192,
    -0.862491706548593,
    -0.9181764060106032,
    -0.9328357701118176,
    -0.9389561105997134,
    -0.9316349231279814,
    -0.9389512870556269,
    -0.9371654648047227,
    -0.9347347745528588,
    -0.9458859941898248,
    -0.9493939090997745,
    -0.9427455180730575,
    -0.9428663285878989,
    -0.9292821795512468,
    -0.9364540839806581,
    -0.8579464869621473,
    -0.9306896680440658,
    -0.9382205417523017,
    -0.9264667668403723,
    -0.9341617915874872,
    -0.9273071460234813,
    -0.923818986538129,
    -0.9514931180538275,
    -0.9552864572940729,
    -0.9562011810449453,
    -0.9562279294698667,
    -0.9557847750492585,
    -0.9563942114512126,
    -0.9567304580639571,
    -0.9564051349957784,
    -0.9567071755727132,
    -0.9454419307219677,
    -0.9512266559478564,
    -0.9535517509167011,
    -0.9561969133523794,
    -0.9565958389869103,
    -0.9567317733397851,
    -0.9563499991710369,
    -0.9534874161084493,
    -0.9560846707759759,
    -0.9567401247146802,
    -0.956754132723197,
    -0.9566215084149288,
    -0.9567770976286668,
    -0.9558046175883367
  ],
  "loss_info": [
    4.725567388534546,
    2.8188976208368937,
    0.5998642971834693,
    1.2829631820225562,
    0.2910786738475928,
    0.11003076646668025,
    0.01801908352913765,
    0.013698846316681458,
    0.01257830338122753,
    0.013799205675530129,
    0.011637434243964843,
    0.011467777631985835,
    2.346986730516148,
    5.420444559439635,
    5.195253874705388,
    4.326821803129636,
    5.1510241019420135,
    4.799792623519897,
    4.353279858369094,
    2.86479344024108,
    1.4823356805082697,
    0.3805163474037097,
    0.5470915569374577,
    0.3710025011920012,
    0.1267356195797523,
    0.07434074345211952,
    0.09053637857238452,
    0.01974360302854807,
    0.01300490021896668,
    0.01248601124359247,
    0.011578788722936923,
    0.01187608478925167,
    0.011247393488883973,
    0.011334028157095114,
    0.08950237618424954,
    0.8263828120743617,
    0.035785377393357264,
    0.2931450326425525,
    0.03541851146385456,
    0.012806148464098955,
    0.012230204050548565,
    0.013287905608423245,
    0.024080120924955758,
    0.014284709196251173,
    0.012002481395999591,
    0.0111155229071394,
    0.09870368167280387,
    0.2100038102374245,
    0.026223895436105055,
    0.017532130579153697,
    0.011399344373971988,
    0.011489143370626828,
    0.013746632191424187,
    0.016817883220620646,
    0.011086038724543192,
    0.13249175171248423,
    0.09123556943944632,
    0.0387569604250483,
    0.02575517176435544,
    0.021786455556941337,
    0.029641561458508173,
    0.022541589442736064,
    0.02548202066562879,
    0.028722509106573386,
    0.0180931152537083,
    0.014840731177574548,
    0.02165561476483559,
    0.021954782603260798,
    0.03564582015745915,
    0.028932129921248325,
    0.10624280017442428,
    0.034673814327479936,
    0.02607945822752439,
    0.03917070870789198,
    0.03219651878835299,
    0.039008155221549365,
    0.042648361900295965,
    0.014526660945744086,
    0.011244640360849026,
    0.010924235798227482,
    0.011041168390940397,
    0.011733645458634083,
    0.011070220540158259,
    0.010861904264833683,
    0.011144129029260232,
    0.010866645470452614,
    0.02207334456153405,
    0.01641735630348707,
    0.013995726473438434,
    0.011403520519916829,
    0.011032083520713524,
    0.010854775468126321,
    0.011257572601047846,
    0.014056156317775067,
    0.011498298940177147,
    0.01086993803962683,
    0.010849250595156963,
    0.01096236155105707,
    0.01084823052948102,
    0.011758646411964526
  ],