{
  "epoch": [
    1,
    2,
    3,
    4,
    5,
    6,
    7,
    8,
    9,
    10,
    11,
    12,
    13,
    14,
    15,
    16,
    17,
    18,
    19,
    20,
    21,
    22,
    23,
    24,
    25,
    26,
    27,
    28,
    29,
    30,
    31,
    32,
    33,
    34,
    35,
    36,
    37,
    38,
    39,
    40,
    41,
    42,
    43,
    44,
    45,
    46,
    47,
    48,
    49,
    50,
    51,
    52,
    53,
    54,
    55,
    56,
    57,
    58,
    59,
    60,
    61,
    62,
    63,
    64,
    65,
    66,
    67,
    68,
    69,
    70,
    71,
    72,
    73,
    74,
    75,
    76,
    77,
    78,
    79,
    80,
    81,
    82,
    83,
    84,
    85,
    86,
    87,
    88,
    89,
    90,
    91,
    92,
    93,
    94,
    95,
    96,
    97,
    98,
    99,
    100
  ],
  "loss_total": [
    4.491006907218141,
    3.161070305793012,
    1.9330219851165522,
    0.48382965520105725,
    0.18818313290512628,
    -0.3104154673593292,
    -0.15218529512322015,
    -0.65125910489937,
    -0.8132688176762211,
    -0.4193201423342762,
    -0.42553239849095786,
    -0.34694278191347594,
    -0.811810451941412,
    -0.8199961095885501,
    -0.823264828633741,
    -0.8034507708797038,
    -0.828208727263362,
    -0.8313602596684232,
    -0.8325597767621442,
    -0.8314085641845328,
    -0.8346122610764425,
    -0.835698133609334,
    0.9123994289525871,
    0.30617008370454196,
    -0.6884191252820479,
    -0.5637480205362612,
    -0.7536032159146064,
    -0.8246567355153339,
    -0.8316181425839826,
    -0.8075390650274975,
    -0.7583040522584499,
    -0.8309950680354905,
    -0.8368902476758905,
    -0.8346883573167311,
    -0.6175308455534971,
    -0.829404436011132,
    -0.6537553434326349,
    -0.17455782232388772,
    -0.7815099349601673,
    -0.5608590288403256,
    -0.8033323056710874,
    -0.8390379157222685,
    -0.8403731493350587,
    -0.8384241611579728,
    -0.7997417257783191,
    -0.8287616539848307,
    -0.841462937860541,
    -0.8006735598780418,
    -0.823815474093286,
    -0.8338638307944022,
    -0.758724189521185,
    -0.8368311169368973,
    -0.483203628105544,
    -0.8242347334903446,
    -0.8358463631953047,
    -0.8442848158664391,
    -0.844540244894601,
    -0.726844642738827,
    -0.7950529959358152,
    -0.8161297811836493,
    -0.8454379012675884,
    -0.8432472582723274,
    -0.8461014530697807,
    -0.8459568951950699,
    -0.8460789361938101,
    -0.8466560365072365,
    -0.8466304622061266,
    -0.8472121061523104,
    -0.8474559702508436,
    -0.8476201230710972,
    -0.8476035386486783,
    -0.8471190362680153,
    -0.8033283536877137,
    -0.823303446255095,
    -0.8378789781546984,
    -0.8305607245919483,
    -0.8241059164531895,
    -0.8439293699186357,
    -0.8484780566939891,
    -0.839778272669172,
    -0.8490229095917582,
    -0.8470087002535336,
    -0.8484954338907544,
    -0.8503740166054398,
    -0.8505960575869826,
    -0.8507174106894947,
    -0.8509250602435544,
    -0.8509434611419511,
    -0.8509817292781475,
    -0.851178118114263,
    -0.851207579745621,
    -0.8512736969306821,
    -0.8513674661110008,
    -0.8513994226690198,
    -0.8503415395653313,
    -0.8498772060284849,
    -0.8513883241538793,
    -0.8514191094643432,
    -0.8513757612535863,
    -0.8513674814192975
  ],
  "loss_info": [
    5.139480093137814,
    4.0012796296448006,
    2.884470784436158,
    1.5324041428136044,
    1.2502300999855083,
    0.772859540304851,
    0.9345086177841562,
    0.4539175088939771,
    0.29175577007356235,
    0.673257230735216,
    0.6544941316862576,
    0.7322443650394189,
    0.2917140012230378,
    0.28434267607542985,
    0.28254039186597524,
    0.3020617494491932,
    0.2785081425325467,
    0.2761943812578754,
    0.27592414845534363,
    0.2778994032268316,
    0.275419001207977,
    0.2750918357098689,
    1.951827024827238,
    1.3745081359571447,
    0.40997450631824345,
    0.5328122463708367,
    0.3520678542350811,
    0.2856602745303691,
    0.2797200534838796,
    0.30336271885965693,
    0.3526240673547234,
    0.2807978432360894,
    0.27541729840424545,
    0.27864307507139735,
    0.4912465915002458,
    0.283924370515542,
    0.4541783481022048,
    0.9147018057401063,
    0.33043013130380805,
    0.5477223393044185,
    0.3108369585920553,
    0.27636321906835004,
    0.2754530504427321,
    0.2775847094306529,
    0.31468479718015496,
    0.2862269380053536,
    0.27491297601350667,
    0.3157512570013765,
    0.29356661829792086,
    0.28409061340686403,
    0.3592990026122234,
    0.28093487822292934,
    0.6228930448573795,
    0.2964736508215711,
    0.28438960040201905,
    0.2759879322651306,
    0.27528267838264425,
    0.3919814792487139,
    0.3248836481180347,
    0.3038965284498663,
    0.2751632212289696,
    0.2770015965393984,
    0.2747413250592237,
    0.2748855619482655,
    0.2750607399992604,
    0.2746981611994446,
    0.2747126762332812,
    0.27444127104321464,
    0.27447928105547126,
    0.27447662913734144,
    0.2747038065410051,
    0.27533648899995566,
    0.3184983549547977,
    0.299417396060756,
    0.28532489401395206,
    0.2927841630464043,
    0.29882120906980963,
    0.2794492899394426,
    0.27537215977418616,
    0.2843006075731392,
    0.2751555115473075,
    0.2769651253366731,
    0.27615187109493816,
    0.2744794587294261,
    0.274471896593688,
    0.2744270182046734,
    0.27441947610000444,
    0.27444085478782654,
    0.2744896714804602,
    0.27437330253137265,
    0.27441587881312346,
    0.2744146834631435,
    0.27437058172590745,
    0.2743956964524066,
    0.2754717239590942,
    0.27591357791358656,
    0.2744105691141118,
    0.27436651362747444,
    0.27435656698023686,
    0.27446652028730006
  ],