{
  "epoch": [
    1,
    2,
    3,
    4,
    5,
    6,
    7,
    8,
    9,
    10,
    11,
    12,
    13,
    14,
    15,
    16,
    17,
    18,
    19,
    20,
    21,
    22,
    23,
    24,
    25,
    26,
    27,
    28,
    29,
    30,
    31,
    32,
    33,
    34,
    35,
    36,
    37,
    38,
    39,
    40,
    41,
    42,
    43,
    44,
    45,
    46,
    47,
    48,
    49,
    50,
    51,
    52,
    53,
    54,
    55,
    56,
    57,
    58,
    59,
    60,
    61,
    62,
    63,
    64,
    65,
    66,
    67,
    68,
    69,
    70,
    71,
    72,
    73,
    74,
    75,
    76,
    77,
    78,
    79,
    80,
    81,
    82,
    83,
    84,
    85,
    86,
    87,
    88,
    89,
    90,
    91,
    92,
    93,
    94,
    95,
    96,
    97,
    98,
    99,
    100
  ],
  "loss_total": [
    4.154744645265432,
    1.9167194426823886,
    0.037775355577468875,
    -0.7692027821754798,
    -0.8046880407211108,
    -0.8150934228530297,
    -0.8194019097548265,
    -0.8180442921626262,
    -0.8192415044857906,
    -0.8194575823270358,
    4.486770477967385,
    4.413351074854533,
    3.789619361437284,
    3.095171877130484,
    2.1737012623212277,
    0.4107406979952103,
    -0.5091153788260925,
    -0.2672201299514526,
    -0.7931261545572525,
    -0.8063571028220348,
    -0.8126240583566519,
    -0.8204263943892259,
    -0.8181186550702804,
    -0.7304921529996089,
    -0.8153708208829928,
    0.5385055681069691,
    -0.39895830085644357,
    -0.6497241352613156,
    -0.7145601451396942,
    -0.818897107625619,
    -0.8213367391855289,
    -0.8238152244152167,
    -0.8273022269591307,
    -0.8303304608051594,
    -0.8285010921649444,
    -0.8311896385290684,
    -0.8331083930455722,
    -0.8342990150818458,
    -0.8344983608294756,
    -0.8353810713841365,
    -0.8323811028248225,
    -0.8367504187119312,
    -0.8376299537145174,
    -0.8382306584945092,
    -0.8388369031441517,
    -0.8394976930740552,
    -0.8400599889266185,
    -0.8405602922806373,
    -0.8409222003741142,
    -0.8409881469530937,
    -0.8411989884498792,
    -0.11401497821013133,
    -0.539328521490097,
    -0.8053867178085523,
    -0.836511928607256,
    -0.8374291597268521,
    -0.8161842163556662,
    -0.7842220511191931,
    -0.7296541180366125,
    -0.8280605134291527,
    -0.8302329729764889,
    -0.822399032727266,
    -0.8395560380740044,
    -0.8407236609703456,
    -0.8410664836565653,
    -0.8410863821323101,
    -0.8414510626059312,
    -0.8416171511014302,
    -0.841657229875907,
    -0.8418187972826835,
    -0.8418638012348078,
    -0.8420051259872241,
    -0.8421049081362211,
    -0.8422323789352025,
    -0.8424249025491568,
    -0.8425694438127371,
    -0.8426672828503144,
    -0.8428824216891557,
    -0.8430955556722788,
    -0.843271726828355,
    -0.8435461973532652,
    -0.8437737871439029,
    -0.8440183388881194,
    -0.8442447130496685,
    -0.84457069115761,
    -0.8447526326546302,
    -0.8451209930273202,
    -0.8454389550747016,
    -0.8456450856648958,
    -0.8459010766102717,
    -0.8459844222435584,
    -0.8459749805621611,
    -0.8460204592117897,
    -0.8460445064764757,
    -0.8460376553046398,
    -0.8460629836106912,
    -0.8460095112140362,
    -0.8460356168257884,
    -0.8460764133013212,
    -0.8459145515392988
  ],
  "loss_info": [
    4.640374239897117,
    2.594251254544808,
    0.8070794053471241,
    0.050003294508235575,
    0.023092169562975565,
    0.015319606485084082,
    0.013115558730295072,
    0.014478037998271295,
    0.013647608468547845,
    0.012563185952603816,
    4.967951720632994,
    4.912902808800721,
    4.380444027827337,
    3.7558818839299373,
    2.871490477751463,
    1.1760961765375657,
    0.296820807375778,
    0.5308767415201052,
    0.03185113930644897,
    0.0221180770593958,
    0.01810325196442696,
    0.013123273983215675,
    0.016531786733330823,
    0.10061328364774967,
    0.019080510334326672,
    1.3273676545048754,
    0.4092565191384309,
    0.1702155785730634,
    0.11207765033707405,
    0.015328148461114138,
    0.01622480578147448,
    0.015613455029252248,
    0.013301487625218355,
    0.01144581607136971,
    0.014039830906459919,
    0.012345222722834502,
    0.011220616618028053,
    0.011059928843035147,
    0.01130542918944206,
    0.01109921311816344,
    0.014510687158848994,
    0.011106664830675492,
    0.010950633821388086,
    0.010953855481094274,
    0.01090826981056195,
    0.01093399304514512,
    0.010893407387611194,
    0.010876874081217326,
    0.010864128487614484,
    0.01098990023900301,
    0.010881281214264724,
    0.7144751034677028,
    0.2998180174101622,
    0.03797415162030703,
    0.012311192176853999,
    0.012829672182217623,
    0.03399132077032939,
    0.05580543701369793,
    0.11987222971346898,
    0.022456403516041928,
    0.02127626852538341,
    0.027802987654621785,
    0.011560328271335516,
    0.011223424698870915,
    0.011087475454386993,
    0.011088466176237816,
    0.01094634561584546,
    0.010899443399065581,
    0.010960371114122562,
    0.01091822421608063,
    0.010949575624022729,
    0.010888067303368679,
    0.010906800030706784,
    0.010895867254107426,
    0.010883208999458032,
    0.010884535140716113,
    0.010920302593746246,
    0.010880893530944983,
    0.01088273258258899,
    0.010897988744844229,
    0.010869384948641826,
    0.010870961462840056,
    0.01087634216229885,
    0.010910749349456567,
    0.010862009857709591,
    0.010943876192546808,
    0.010858964170209873,
    0.010863282192402925,
    0.010862218053677142,
    0.01085228654436576,
    0.010856021950260187,
    0.010866319178006588,
    0.010856060449702618,
    0.010854005001676388,
    0.010868432793097618,
    0.010845275605336213,
    0.010895231786446694,
    0.010872723405750899,
    0.010843274403267947,
    0.010975632381935914
  ],